YEAR,WEEK,% WEIGHTED ILI,%UNWEIGHTED ILI,AGE 0-4,AGE 5-24,AGE 65,ILITOTAL,NUM. OF PROVIDERS,TOTAL PATIENTS
2004,40,0.982275,0.897159,877,1256,185,3171,1176,353449
2004,41,1.01821,1.02248,1071,1373,216,3631,1187,355116
2004,42,1.1768,1.06296,1240,1534,226,4019,1267,378094
2004,43,1.30121,1.14696,1190,1671,285,4369,1293,380921
2004,44,1.27746,1.20495,1327,1718,291,4551,1302,377692
2004,45,1.40387,1.30517,1497,1874,319,4969,1344,380718
2004,46,1.40301,1.28699,1531,1874,299,4983,1336,387182
2004,47,1.73975,1.59468,1490,1678,271,4713,1341,295546
2004,48,1.56894,1.39714,1538,2059,376,5407,1369,387004
2004,49,1.65927,1.44996,1551,2052,375,5428,1346,374356
2004,50,1.81341,1.61745,1670,2071,371,5755,1379,355806
2004,51,2.37626,2.19112,1856,1807,418,5689,1288,259639
2004,52,2.77052,2.56649,2252,1993,621,7279,1332,283617
2005,1,2.40064,2.17645,2010,2450,712,8041,1383,369455
2005,2,2.54155,2.20171,2188,2982,611,8323,1342,378024
2005,3,2.85871,2.53012,2199,3682,608,9328,1348,368678
2005,4,3.55011,3.06524,2747,5364,725,12422,1334,405254
2005,5,4.58591,3.98061,3086,7650,958,16192,1303,406772
2005,6,5.05809,4.59568,3626,8854,1132,19369,1324,421461
2005,7,5.44151,4.75197,3834,8400,1182,19931,1330,419426
2005,8,4.4729,4.17962,3720,6759,1026,16630,1280,397883
2005,9,3.6752,3.45359,2997,5343,836,13234,1268,383196
2005,10,3.3353,3.15852,2728,4494,745,11601,1227,367292
2005,11,2.76224,2.6732,2416,3513,604,9502,1185,355454
2005,12,2.46844,2.35161,2145,2771,550,7900,1148,335940
2005,13,2.00081,1.89243,1827,2133,390,6329,1103,334438
2005,14,1.54319,1.5249,1422,1737,330,4816,1048,315823
2005,15,1.50195,1.41134,1356,1603,317,4445,1000,314948
2005,16,1.22918,1.25068,1096,1469,306,3825,978,305833
2005,17,1.21854,1.20702,1117,1411,224,3646,971,302065
2005,18,1.15832,1.07895,903,1136,189,2990,923,277120
2005,19,1.249,1.14521,979,1115,208,3012,878,263009
2005,20,1.16888,1.06124,805,926,200,2531,825,238494
2005,21,1.07888,1.0568,687,695,156,2056,687,194550
2005,22,1.23059,1.25193,693,678,160,2099,637,167661
2005,23,1.14747,1.01419,548,594,140,1744,603,171960
2005,24,1.00254,1.04197,573,507,125,1614,582,154899
2005,25,0.957569,0.954027,580,507,110,1628,587,170645
2005,26,0.894837,0.84823,497,452,84,1359,550,160216
2005,27,0.798205,0.841872,426,390,69,1198,533,142302
2005,28,0.757812,0.730894,389,361,75,1148,524,157068
2005,29,0.825963,0.713432,333,364,68,1068,507,149699
2005,30,0.744927,0.670677,328,327,56,990,492,147612
2005,31,0.787049,0.689278,331,326,58,982,488,142468
2005,32,0.684724,0.704929,319,350,57,1023,479,145121
2005,33,0.747361,0.615903,330,326,47,928,480,150673
2005,34,0.673974,0.609426,292,311,54,922,428,151290
2005,35,0.869662,0.680259,342,367,51,1033,420,151854
2005,36,0.899529,0.775488,338,396,63,1061,416,136817
2005,37,0.854635,0.683421,302,383,52,1026,408,150127
2005,38,1.01123,0.781075,368,516,50,1219,419,156067
2005,39,0.977808,0.806943,381,484,63,1204,447,149205
2005,40,1.17778,1.07635,1172,1256,234,3586,1113,333164
2005,41,1.21947,1.05869,1285,1247,197,3582,1160,338343
2005,42,1.3069,1.11523,1393,1525,212,4122,1216,369609
2005,43,1.33931,1.12381,1439,1599,213,4248,1237,377999
2005,44,1.58374,1.25489,1639,1894,282,5005,1280,398840
2005,45,1.47072,1.33661,1563,1929,295,5038,1272,376924
2005,46,1.6112,1.37864,1679,1951,315,5276,1277,382697
2005,47,1.82699,1.60829,1666,1593,294,4802,1301,298578
2005,48,1.77482,1.48311,1858,2176,349,5966,1325,402264
2005,49,1.94451,1.65374,1987,2463,387,6371,1328,385248
2005,50,2.35512,2.00679,2241,3063,396,7697,1318,383548
2005,51,3.10878,2.56857,2696,3058,530,8577,1287,333921
2005,52,3.28238,3.05278,2678,2561,721,8842,1273,289638
2006,1,2.62914,2.42504,2422,2366,734,8339,1319,343871
2006,2,2.2515,2.00195,2272,2921,534,7882,1339,393716
2006,3,2.35858,2.05869,2249,3150,460,7858,1297,381699
2006,4,2.41881,2.21277,2643,3646,544,9114,1331,411882
2006,5,2.52752,2.3222,2612,4153,498,9551,1320,411291
2006,6,2.64954,2.49279,2754,4593,537,10427,1311,418286
2006,7,3.12935,2.79489,2624,4979,631,11226,1288,401661
2006,8,3.12442,2.96911,2753,5284,791,11901,1288,400827
2006,9,3.13099,2.83959,2579,5008,767,11343,1275,399459
2006,10,3.08261,2.77799,2564,5106,678,11261,1257,405365
2006,11,2.64431,2.47287,2330,4154,607,9322,1241,376971
2006,12,2.42295,2.18061,1895,3709,541,8064,1217,369804
2006,13,2.31141,2.0168,1697,3393,478,7313,1165,362605
2006,14,1.86383,1.64101,1437,2660,342,5738,1133,349662
2006,15,1.44943,1.35829,1181,2014,285,4547,1087,334760
2006,16,1.30227,1.1428,959,1479,239,3550,1045,310641
2006,17,1.13459,1.04031,836,1382,180,3177,1017,305389
2006,18,1.06255,0.964347,745,1208,190,2780,958,288278
2006,19,1.03428,0.937982,745,1039,187,2592,919,276338
2006,20,1.01791,0.947449,715,969,162,2428,877,256267
2006,21,0.918151,0.891918,699,764,146,2061,783,231075
2006,22,0.93099,0.864643,572,561,108,1645,649,190252
2006,23,0.857294,0.97032,754,626,131,2075,635,213847
2006,24,0.786294,0.84439,514,447,81,1430,615,169353
2006,25,0.719426,0.77487,463,409,100,1300,610,167770
2006,26,0.718868,0.821372,466,390,92,1271,572,154741
2006,27,0.774807,0.872745,437,402,71,1215,565,139216
2006,28,0.76598,0.922635,549,511,108,1617,577,175259
2006,29,0.642809,0.899487,541,440,112,1553,564,172654
2006,30,0.622033,0.843082,502,403,128,1455,564,172581
2006,31,0.616326,0.881824,508,430,88,1428,551,161937
2006,32,0.685694,0.817145,473,435,82,1373,547,168024
2006,33,0.622697,0.8715,510,466,91,1457,536,167183
2006,34,0.611817,0.738621,404,379,76,1138,503,154071
2006,35,0.638831,0.797966,398,457,77,1224,488,153390
2006,36,0.806627,1.01394,492,506,69,1463,491,144289
2006,37,0.762448,0.880936,446,521,78,1406,487,159603
2006,38,0.813406,0.943366,511,534,80,1487,455,157627
2006,39,0.807934,0.891546,476,512,81,1433,469,160732
2006,40,1.15384,1.20322,1434,1699,264,4513,1323,375076
2006,41,1.14819,1.05788,1278,1602,200,4072,1361,384920
2006,42,1.22736,1.13054,1543,1830,265,4737,1425,419005
2006,43,1.21744,1.12552,1582,1996,224,4888,1445,434287
2006,44,1.32813,1.20808,1672,2270,281,5380,1473,445334
2006,45,1.47754,1.34952,2112,2393,314,6139,1497,454901
2006,46,1.5339,1.4689,2355,2681,290,6668,1474,453945
2006,47,1.91269,1.82767,2188,2202,357,6156,1488,336822
2006,48,1.838,1.6656,2573,2792,391,7530,1486,452089
2006,49,1.95376,1.85968,2643,3244,431,8122,1493,436741
2006,50,2.40407,2.38891,3270,4470,479,10396,1492,435177
2006,51,2.87453,2.78978,3387,4065,503,10192,1435,365334
2006,52,3.02597,3.11549,3243,2868,586,8913,1359,286087
2007,1,2.37817,2.26942,2927,2481,584,8386,1490,369521
2007,2,2.09232,1.86355,2507,2756,480,7761,1467,416464
2007,3,2.29396,1.99986,2548,3248,412,7909,1470,395477
2007,4,2.74501,2.4406,3410,4684,537,10888,1495,446119
2007,5,3.04434,2.83018,3456,5648,457,12120,1472,428241
2007,6,3.49999,3.12343,3840,6995,452,14197,1484,454533
2007,7,3.57851,3.27019,3879,6668,529,14031,1461,429057
2007,8,3.28979,3.17757,3728,6537,608,14048,1460,442099
2007,9,2.89149,2.72364,3016,5429,578,11801,1428,433281
2007,10,2.62075,2.50201,2798,4937,447,10715,1408,428255
2007,11,2.53387,2.4272,2668,4031,472,9597,1361,395394
2007,12,2.07251,1.96041,2049,3307,349,7562,1333,385735
2007,13,1.87084,1.5914,1664,2508,351,6148,1303,386327
2007,14,1.40042,1.36978,1445,1803,331,4958,1284,361955
2007,15,1.46887,1.36317,1429,1821,345,4869,1240,357183
2007,16,1.15514,1.1737,1257,1523,287,4179,1206,356055
2007,17,1.07901,1.06358,1152,1386,220,3695,1152,347413
2007,18,0.98492,0.969711,969,1143,210,3077,1119,317311
2007,19,1.03325,0.965362,917,1055,175,2860,1057,296262
2007,20,0.926649,0.856749,815,861,176,2442,1025,285031
2007,21,0.9201,0.863346,761,785,136,2243,925,259803
2007,22,0.954094,0.93537,722,652,130,2058,831,220020
2007,23,0.763278,0.745569,628,510,119,1679,796,225197
2007,24,0.81722,0.740428,598,469,134,1614,771,217982
2007,25,0.764586,0.672897,521,441,100,1456,749,216378
2007,26,0.793127,0.666282,514,408,102,1455,742,218376
2007,27,0.66909,0.662747,394,360,102,1169,711,176387
2007,28,0.62115,0.545619,366,372,52,1086,697,199040
2007,29,0.603659,0.586231,446,345,85,1211,698,206574
2007,30,0.649058,0.660687,477,392,96,1356,691,205241
2007,31,0.568338,0.534093,321,311,61,1037,677,194161
2007,32,0.651546,0.585549,389,385,78,1172,667,200154
2007,33,0.652176,0.618075,439,411,95,1283,666,207580
2007,34,0.803849,0.687465,495,457,88,1448,671,210629
2007,35,0.787458,0.715696,502,500,108,1526,652,213219
2007,36,0.943263,0.829313,519,545,73,1554,641,187384
2007,37,0.946932,0.800912,496,682,99,1694,638,211509
2007,38,0.987146,0.918484,609,681,121,1913,632,208278
2007,39,1.05206,0.814259,729,788,128,2228,703,273623
2007,40,0.995184,1.07197,2187,1997,290,5641,1373,526227
2007,41,1.22003,1.21786,2387,2433,303,6444,1429,529126
2007,42,1.28548,1.24576,2583,2551,352,6941,1449,557172
2007,43,1.3775,1.35984,2871,2788,375,7434,1477,546680
2007,44,1.46725,1.44671,3074,2998,368,7915,1485,547104
2007,45,1.55841,1.53286,3398,3303,377,8687,1539,566717
2007,46,1.61958,1.66653,3563,3290,471,9104,1516,546284
2007,47,1.8112,1.97488,3651,2631,476,8570,1523,433951
2007,48,1.61865,1.67305,3679,3158,413,9171,1513,548159
2007,49,1.62124,1.63405,3365,2907,392,8436,1487,516263
2007,50,1.67351,1.74595,3298,2694,402,8091,1453,463416
2007,51,1.95096,1.93643,3580,2724,459,8750,1420,451862
2007,52,2.50019,2.48905,3848,2348,522,8902,1426,357646
2008,1,2.43939,2.25405,3737,2568,670,9706,1486,430603
2008,2,2.29319,2.09147,3393,3644,816,11115,1509,531444
2008,3,2.62907,2.35934,3664,4900,595,12197,1511,516966
2008,4,3.92966,3.32331,4289,7661,722,17171,1508,516683
2008,5,4.99202,4.43381,5222,11974,1021,24812,1514,559609
2008,6,5.7776,5.34547,6059,15323,1302,31896,1526,596692
2008,7,5.98318,5.42258,6244,14336,1558,31625,1518,583210
2008,8,5.61677,5.30303,5922,12783,1728,30245,1497,570334
2008,9,4.53234,4.24456,4978,9958,1508,25027,1453,589626
2008,10,3.83249,3.628,4420,7849,1204,20254,1445,558269
2008,11,3.21522,3.03463,3878,6112,1048,16714,1412,550776
2008,12,2.69245,2.53595,3153,4493,874,13040,1395,514205
2008,13,2.03366,2.0573,2689,3395,796,10376,1379,504350
2008,14,1.65275,1.7415,2372,2697,642,8583,1327,492850
2008,15,1.3113,1.40652,2045,2354,486,7045,1318,500881
2008,16,1.1652,1.26861,1857,2013,407,6079,1288,479187
2008,17,1.02035,1.07719,1572,1713,323,4953,1208,459808
2008,18,0.877607,0.993445,1466,1416,235,4224,1147,425187
2008,19,0.825107,0.911212,1356,1381,208,4011,1098,440183
2008,20,0.787315,0.972109,1439,1274,211,3904,1074,401601
2008,21,0.805439,0.993258,1393,1116,211,3646,945,367075
2008,22,0.886061,1.09132,1473,1083,243,3803,869,348477
2008,23,0.743743,0.888446,1159,906,139,2933,789,330127
2008,24,0.706842,0.887691,1113,886,187,2906,764,327366
2008,25,0.655943,0.883187,1115,855,160,2842,755,321789
2008,26,0.633492,0.826756,937,810,133,2534,730,306499
2008,27,0.571837,0.783201,913,762,155,2405,713,307073
2008,28,0.558278,0.78061,881,749,132,2431,710,311423
2008,29,0.597893,0.769073,826,703,171,2319,696,301532
2008,30,0.577222,0.721298,779,704,131,2166,694,300292
2008,31,0.596987,0.752527,788,763,139,2289,676,304175
2008,32,0.564653,0.752721,679,706,216,2220,668,294930
2008,33,0.585682,0.792766,789,745,184,2368,657,298701
2008,34,0.503985,0.743896,730,754,134,2237,657,300714
2008,35,0.468139,0.814166,794,892,127,2429,636,298342
2008,36,0.576455,0.838401,774,880,144,2461,666,293535
2008,37,0.681361,0.851124,859,994,177,2788,685,327567
2008,38,0.794764,1.10976,1062,1527,188,3735,679,336560
2008,39,0.868116,1.03114,983,1306,179,3400,716,329731
2008,40,1.06828,1.02284,1535,2352,324,5687,1435,555999
2008,41,1.00756,1.03017,1861,2291,322,5959,1500,578446
2008,42,0.979399,1.01245,1869,2219,341,5896,1525,582351
2008,43,1.04943,1.08359,1976,2474,367,6485,1527,598473
2008,44,1.13218,1.16578,2119,2547,452,6987,1545,599343
2008,45,1.13156,1.1913,2276,2668,372,7297,1555,612526
2008,46,1.15469,1.28075,2512,2854,412,7667,1555,598635
2008,47,1.20448,1.27053,2600,2828,412,7733,1563,608646
2008,48,1.36081,1.59578,3024,2412,457,7634,1523,478386
2008,49,1.30322,1.4585,3114,2913,469,8708,1551,597052
2008,50,1.30204,1.49921,3252,3024,439,8689,1543,579573
2008,51,1.45109,1.62982,3137,2579,456,7812,1416,479318
2008,52,1.79927,2.15561,3897,2367,495,8706,1484,403876
2008,53,2.12134,2.02053,3814,2042,584,8603,1490,425780
2009,1,1.47138,1.54566,3245,2548,557,8956,1539,579428
2009,2,1.61555,1.64224,3142,3345,473,9289,1512,565631
2009,3,1.95333,1.96524,3602,4597,436,11456,1566,582932
2009,4,2.42907,2.34368,4039,6602,468,14324,1554,611176
2009,5,2.96686,2.86057,4606,8882,540,18268,1580,638613
2009,6,3.57354,3.3421,5064,11215,752,21667,1569,648304
2009,7,3.36653,3.20566,4848,9851,638,20022,1543,624583
2009,8,3.2962,3.10049,4694,10092,657,20450,1544,659573
2009,9,3.17227,2.95819,4420,9116,633,18441,1534,623389
2009,10,2.5804,2.46381,4046,7446,618,15711,1524,637672
2009,11,2.42922,2.19272,3657,6036,582,13277,1494,605503
2009,12,1.99028,1.87395,3237,5052,450,11400,1470,608342
2009,13,1.72423,1.64817,2829,4283,399,9669,1440,586651
2009,14,1.60355,1.49878,2577,3407,391,8460,1422,564460
2009,15,1.28418,1.29233,2371,2761,363,7222,1415,558837
2009,16,1.2932,1.27164,2353,2855,397,7348,1445,577836
2009,17,2.74012,2.98159,4821,8043,670,18627,1405,624734
2009,18,2.22391,2.43702,3920,6221,562,14578,1422,598189
2009,19,1.76657,2.2813,3236,5888,412,12554,1372,550300
2009,20,1.92171,3.81572,4188,12026,424,20774,1331,544432
2009,21,1.8611,4.21315,4496,12461,487,22394,1314,531526
2009,22,1.68423,3.17832,3865,8615,412,17105,1305,538177
2009,23,1.7393,2.50972,3072,5660,384,12392,1296,493761
2009,24,1.83001,2.06632,2623,4740,333,10780,1280,521701
2009,25,1.58128,1.71805,2299,3700,326,8801,1279,512268
2009,26,1.49172,1.55965,2145,2893,361,7422,1237,475877
2009,27,1.389,1.30856,1701,2481,293,6290,1246,480680
2009,28,1.34702,1.18695,1581,2437,238,5964,1248,502466
2009,29,1.16056,1.13796,1608,2285,231,5735,1248,503971
2009,30,1.2085,1.15005,1519,2199,294,5587,1254,485804
2009,31,1.15544,1.11262,1651,2082,263,5526,1230,496666
2009,32,1.14518,1.16142,1645,2321,265,5877,1234,506019
2009,33,1.4664,1.64107,2167,4210,396,8941,1286,544827
2009,34,2.38017,2.47166,2883,8253,443,14556,1320,588916
2009,35,3.44681,3.71969,3713,13114,541,21350,1358,573972
2009,36,4.05315,3.94975,4087,13407,520,22561,1367,571201
2009,37,4.26621,4.08756,4445,15326,652,26091,1380,638302
2009,38,4.21579,4.01897,4462,14152,588,24454,1313,608464
2009,39,4.8861,4.60362,4974,16291,564,27919,1331,606458
2009,40,6.06923,5.66087,9302,27406,903,48420,2056,855346
2009,41,7.09467,6.81522,11527,32585,1013,58196,2134,853912
2009,42,7.7151,7.61889,13187,39364,1070,69068,2162,906536
2009,43,7.55134,7.38836,13174,36860,1128,66411,2167,898860
2009,44,6.67118,6.33927,12161,30860,1074,57017,2197,899425
2009,45,5.20633,4.94349,10151,21112,978,42729,2191,864348
2009,46,4.04477,3.80996,8979,14652,883,32520,2157,853552
2009,47,3.49722,3.44106,7716,8237,771,22508,2146,654101
2009,48,2.69023,2.66773,7195,7988,818,21730,2122,814550
2009,49,2.47119,2.47183,6490,7218,715,19325,2093,781811
2009,50,2.44773,2.345,6275,5785,659,17081,2014,728401
2009,51,2.64594,2.71435,6078,4127,644,14575,1934,536961
2009,52,2.61567,2.67667,6598,3726,803,15613,1937,583299
2010,1,1.90712,1.98284,4998,3961,763,14299,1996,721138
2010,2,1.86738,1.82749,4877,4614,622,14088,2016,770895
2010,3,1.88072,1.92606,5399,5079,578,14757,2053,766177
2010,4,1.96908,1.92495,5333,5655,528,15122,2026,785580
2010,5,2.11387,2.08877,5816,6142,550,16037,1996,767773
2010,6,2.09695,2.03434,5496,5577,658,15381,1977,756068
2010,7,1.90294,1.97649,5388,5536,498,15065,1954,762208
2010,8,1.96951,1.99362,5040,6207,679,16087,1990,806925
2010,9,1.92331,1.85383,4281,5685,672,14486,1953,781411
2010,10,1.89659,1.8673,4612,5270,700,14354,1946,768702
2010,11,1.75181,1.69987,4063,4466,628,12601,1933,741293
2010,12,1.52632,1.49741,3625,4108,534,11191,1917,747358
2010,13,1.49572,1.45112,3408,3733,528,10359,1875,713863
2010,14,1.22313,1.20715,3090,2933,428,8813,1850,730068
2010,15,1.17754,1.17415,3117,3110,404,8801,1831,749563
2010,16,1.09112,1.16207,2921,3044,414,8362,1765,719580
2010,17,1.11958,1.17213,3081,2972,395,8440,1755,720054
2010,18,1.08169,1.12168,2781,2901,365,7914,1710,705551
2010,19,1.12497,1.14981,2851,2645,347,7697,1664,669414
2010,20,1.06197,1.13328,2816,2553,372,7603,1624,670887
2010,21,1.08909,1.08171,2636,2188,349,6853,1497,633532
2010,22,1.1776,1.19959,2413,2172,335,6595,1421,549773
2010,23,0.97493,0.952808,2147,1831,322,5755,1435,604004
2010,24,0.987132,0.916032,1975,1784,240,5316,1405,580329
2010,25,0.995991,0.926582,2027,1779,249,5334,1384,575664
2010,26,0.904726,0.86962,1754,1541,238,4718,1347,542536
2010,27,0.941927,0.903133,1753,1566,222,4691,1353,519414
2010,28,0.880415,0.773776,1458,1450,209,4234,1284,547187
2010,29,0.842615,0.742774,1323,1335,198,3950,1265,531790
2010,30,0.858382,0.730934,1290,1279,174,3850,1250,526723
2010,31,0.83383,0.786882,1381,1357,209,4077,1241,518121
2010,32,0.847437,0.763051,1378,1307,214,4008,1212,525260
2010,33,0.888273,0.841043,1485,1592,198,4518,1225,537190
2010,34,0.765372,0.791573,1520,1592,202,4420,1235,558382
2010,35,0.91858,0.912732,1564,1866,204,5007,1170,548573
2010,36,1.01432,1.03398,1850,1959,234,5493,1198,531250
2010,37,1.01233,0.934009,1720,2118,253,5510,1210,589930
2010,38,1.11803,1.08189,2134,2510,326,6741,1206,623077
2010,39,1.11806,1.06563,1995,2383,294,6387,1254,599366
2010,40,1.10939,1.13505,2627,3142,400,8473,1838,746485
2010,41,1.24341,1.25256,2953,3522,444,9347,1875,746230
2010,42,1.25726,1.2457,3044,3641,411,9684,1907,777397
2010,43,1.25734,1.26774,3226,3822,420,9904,1929,781234
2010,44,1.43414,1.43723,3451,4397,455,11020,1947,766753
2010,45,1.51838,1.53341,3927,4679,511,11807,1940,769982
2010,46,1.61617,1.69445,4416,5322,497,13336,1921,787038
2010,47,1.84378,1.9915,4598,4145,550,12079,1938,606527
2010,48,1.72535,1.81305,5045,4978,619,13997,1964,772016
2010,49,1.87923,2.01426,5060,5867,627,14958,1936,742606
2010,50,2.3371,2.55659,6300,7194,650,18022,1916,704923
2010,51,3.03533,3.38185,7295,7071,838,19899,1840,588406
2010,52,3.136,3.43172,7478,5764,1068,20346,1887,592880
2011,1,2.53336,2.69151,6584,6342,1059,20026,1923,744043
2011,2,2.91288,2.91063,6238,7773,953,20721,1921,711908
2011,3,3.44497,3.49232,7247,11243,938,26257,1964,751850
2011,4,4.16185,4.0037,8007,15291,931,31975,1947,798637
2011,5,4.55159,4.43534,8195,16366,1197,34284,1970,772974
2011,6,4.46504,4.24215,8036,16516,1096,34456,1961,812230
2011,7,4.55124,4.39719,8172,17493,1293,36567,1910,831600
2011,8,4.0822,3.90256,7839,13718,1267,31277,1908,801449
2011,9,3.38812,3.15073,6376,10496,1146,24627,1860,781629
2011,10,2.99142,2.72422,5691,8427,899,20377,1829,747993
2011,11,2.61542,2.33336,5363,6702,804,17309,1823,741807
2011,12,2.09065,1.925,4400,5489,613,14031,1790,728883
2011,13,1.86146,1.75243,4189,5025,622,12957,1770,739375
2011,14,1.61377,1.57704,3701,4557,508,11498,1723,729089
2011,15,1.42199,1.35766,3164,3562,450,9391,1681,691707
2011,16,1.3382,1.31223,3139,3064,428,8695,1651,662612
2011,17,1.19995,1.14937,2895,2673,383,7830,1612,681240
2011,18,1.14889,1.11451,2532,2553,393,7307,1585,655627
2011,19,1.12194,1.10984,2551,2595,351,7236,1556,651983
2011,20,1.06712,1.0524,2353,2280,305,6530,1516,620485
2011,21,1.05058,1.03536,2213,2110,299,6072,1381,586460
2011,22,1.15203,1.11777,2249,1980,307,5946,1357,531954
2011,23,0.970975,0.982949,2040,1760,278,5547,1296,564322
2011,24,0.894683,0.925194,1812,1599,262,4989,1279,539238
2011,25,0.843568,0.835531,1604,1422,244,4448,1251,532356
2011,26,0.815409,0.832393,1472,1462,210,4218,1225,506732
2011,27,0.823052,0.855591,1423,1269,224,4009,1211,468565
2011,28,0.674635,0.706949,1255,1206,188,3721,1220,526346
2011,29,0.631883,0.694387,1243,1184,178,3597,1203,518011
2011,30,0.641513,0.687976,1251,1188,169,3538,1179,514262
2011,31,0.529813,0.644743,1088,1125,151,3202,1175,496632
2011,32,0.644089,0.67533,1207,1223,158,3523,1175,521671
2011,33,0.667718,0.72823,1342,1358,166,3874,1191,531975
2011,34,0.705668,0.806526,1505,1600,220,4444,1195,551005
2011,35,0.804155,0.860408,1528,1781,213,4717,1200,548228
2011,36,0.907804,0.936075,1622,1809,185,4813,1184,514168
2011,37,1.00555,0.966683,1788,2206,205,5567,1196,575887
2011,38,1.03601,0.996007,1816,2264,242,5822,1201,584534
2011,39,1.07583,1.10846,2248,2514,244,6708,1213,605162
2011,40,1.16092,1.20345,3106,3485,377,9365,1850,778182
2011,41,1.19785,1.23777,3317,3667,370,9803,1883,791987
2011,42,1.27926,1.25259,3324,3837,379,9958,1905,794995
2011,43,1.29194,1.30546,3453,4035,380,10298,1900,788840
2011,44,1.42824,1.45295,3634,4658,387,11396,1925,784334
2011,45,1.39803,1.44089,3949,4348,456,11496,1946,797839
2011,46,1.45831,1.46221,3923,4361,474,11721,1900,801594
2011,47,1.56548,1.65573,4125,3340,430,10377,1918,626731
2011,48,1.34313,1.46606,4237,3955,413,11479,1904,782984
2011,49,1.48139,1.51811,3995,4040,442,11187,1898,736905
2011,50,1.63398,1.66429,4579,4097,546,12137,1872,729258
2011,51,1.83126,1.85274,5016,3535,521,11958,1851,645424
2011,52,2.10451,2.12413,5243,3184,668,12356,1821,581697
2012,1,1.73625,1.76709,4514,3393,715,11992,1891,678631
2012,2,1.55066,1.5434,4059,3636,611,11543,1883,747894
2012,3,1.62891,1.64762,4364,4030,498,11939,1887,724623
2012,4,1.76038,1.6843,4766,4802,513,13209,1891,784244
2012,5,1.92728,1.86354,5218,5336,564,14448,1885,775298
2012,6,1.91994,1.86408,5028,5555,565,14624,1875,784516
2012,7,2.09951,2.01839,5277,5994,667,15929,1884,789193
2012,8,2.23973,2.10385,5246,5990,761,16137,1853,767022
2012,9,2.21921,2.09555,5219,6239,766,16518,1826,788242
2012,10,2.16693,2.10398,4811,6493,629,15763,1816,749198
2012,11,2.38913,2.2941,5175,6768,701,17150,1819,747570
2012,12,1.96466,1.92223,4422,5683,609,14524,1780,755579
2012,13,1.84229,1.74239,3807,5256,549,13017,1753,747079
2012,14,1.68674,1.67601,3582,4631,572,11930,1729,711808
2012,15,1.53136,1.49637,3253,4059,544,10732,1707,717202
2012,16,1.37912,1.38202,3001,4020,393,10123,1699,732480
2012,17,1.29515,1.28926,2638,3802,435,9370,1675,726772
2012,18,1.39521,1.35803,2509,3671,455,8999,1564,662649
2012,19,1.32522,1.30833,2524,3468,419,8576,1546,655492
2012,20,1.23059,1.26692,2465,3087,375,8062,1503,636347
2012,21,1.23028,1.27731,2545,3011,378,7878,1415,616765
2012,22,1.26877,1.2991,2480,2601,350,7153,1409,550614
2012,23,1.10782,1.16297,2336,2352,338,6765,1365,581700
2012,24,1.09559,1.08612,2231,2024,300,6133,1289,564670
2012,25,1.11031,1.0568,2259,1974,285,6048,1295,572296
2012,26,1.10616,1.07871,2168,1850,288,5786,1260,536380
2012,27,1.10816,1.04662,1911,1706,273,5291,1271,505533
2012,28,0.999444,0.928152,1913,1751,220,5185,1240,558637
2012,29,0.924199,0.901936,1818,1640,241,4931,1223,546713
2012,30,0.949257,0.915356,1752,1721,283,5103,1250,557488
2012,31,0.978903,0.952548,1728,1706,267,5159,1240,541600
2012,32,0.925024,0.916661,1660,1718,284,5026,1248,548294
2012,33,0.848456,0.901787,1721,1755,232,5051,1238,560110
2012,34,1.04451,1.03315,2098,2128,296,6141,1238,594395
2012,35,1.0986,1.05238,1958,2335,277,6318,1238,600354
2012,36,1.22071,1.12713,1886,2294,318,6296,1242,558585
2012,37,1.24976,1.1866,2176,2870,415,7382,1252,622114
2012,38,1.22892,1.21415,2295,2972,348,7656,1268,630563
2012,39,1.29393,1.25198,2421,2867,398,7807,1248,623572
2012,40,1.23034,1.20559,2773,3691,415,9395,1932,779285
2012,41,1.3278,1.31929,2960,4007,489,10158,1940,769959
2012,42,1.33995,1.32737,3202,4233,488,10585,1968,797444
2012,43,1.37842,1.36688,3346,4268,516,10913,1958,798388
2012,44,1.50085,1.50535,3326,4422,484,11061,1929,734781
2012,45,1.65163,1.61273,3733,5145,541,12674,1974,785871
2012,46,1.76746,1.75208,4034,5526,597,13623,1966,777534
2012,47,2.30609,2.33365,4651,5387,683,14650,1968,627772
2012,48,2.16324,2.2268,5102,7018,953,18521,2006,831730
2012,49,2.83038,2.97657,6486,10857,1071,24877,2006,835762
2012,50,3.43761,3.62552,7446,12945,1262,29432,1977,811800
2012,51,4.30554,4.5532,8546,13971,1648,34332,1908,754019
2012,52,6.06082,6.02598,9709,11391,2554,36588,1905,607171
2013,1,4.64931,4.96368,8444,9108,2792,34103,1982,687051
2013,2,4.32584,4.69072,8297,13424,2796,39896,1995,850531
2013,3,4.51113,4.70473,8633,15992,2316,39441,2008,838326
2013,4,4.2171,4.1646,7441,13439,1765,32426,1978,778610
2013,5,3.78956,3.69533,6609,12653,1574,29808,1963,806640
2013,6,3.29206,3.2363,5757,10816,1207,24987,1931,772086
2013,7,3.0197,2.89421,5289,9395,1045,22321,1926,771229
2013,8,2.71499,2.71742,5099,8415,1023,20519,1940,755092
2013,9,2.4845,2.52297,4633,7981,968,19231,1893,762238
2013,10,2.57808,2.55227,4791,7709,858,18829,1884,737736
2013,11,2.39237,2.43225,4480,7065,889,17392,1846,715059
2013,12,2.06778,2.10851,3957,6095,741,15254,1825,723449
2013,13,1.90281,1.94725,3830,5204,632,13714,1811,704276
2013,14,1.65902,1.74859,3516,4299,675,12273,1769,701881
2013,15,1.43006,1.49713,3110,3929,603,10818,1742,722583
2013,16,1.27757,1.32313,2707,3509,491,9188,1732,694415
2013,17,1.19009,1.22647,2588,3364,425,8589,1711,700300
2013,18,1.09556,1.19614,2439,3142,370,7986,1675,667648
2013,19,1.08589,1.19049,2422,2877,361,7704,1630,647130
2013,20,1.07343,1.17426,2431,2583,393,7317,1582,623114
2013,21,1.01677,1.13342,2230,2219,368,6589,1489,581338
2013,22,1.04847,1.14306,2109,2094,357,6190,1486,541528
2013,23,0.920349,1.00881,1983,1779,330,5638,1421,558875
2013,24,0.920779,1.02358,1969,1713,277,5539,1419,541138
2013,25,0.904333,1.00138,1877,1766,302,5474,1405,546643
2013,26,0.83057,0.909498,1703,1581,285,4915,1389,540408
2013,27,0.862837,0.950042,1594,1489,251,4506,1357,474295
2013,28,0.732182,0.829299,1576,1491,219,4510,1362,543833
2013,29,0.724558,0.802109,1432,1405,185,4186,1341,521874
2013,30,0.740848,0.806333,1416,1464,221,4233,1325,524969
2013,31,0.726037,0.796937,1216,1284,184,3886,1290,487617
2013,32,0.755639,0.779136,1367,1338,198,4075,1299,523015
2013,33,0.761847,0.797653,1364,1366,188,4168,1276,522533
2013,34,0.779896,0.825485,1331,1561,232,4317,1265,522965
2013,35,0.899138,0.935469,1499,1814,316,5053,1260,540157
2013,36,0.999524,1.04345,1681,2035,311,5626,1317,539175
2013,37,1.0558,1.09107,1926,2437,354,6374,1307,584196
2013,38,1.0967,1.20108,2175,2683,365,7110,1290,591969
2013,39,1.24709,1.26179,2393,2963,459,7963,1364,631088
2013,40,1.15746,1.13249,2974,3769,456,9677,1960,854487
2013,41,1.27184,1.21121,3276,3925,533,10420,1990,860298
2013,42,1.31623,1.25682,3483,3880,500,10658,2018,848016
2013,43,1.37444,1.37097,3930,4484,514,12036,2027,877917
2013,44,1.46781,1.42956,4045,4642,531,12502,2028,874537
2013,45,1.5834,1.53588,4434,5062,538,13498,2017,878845
2013,46,1.60253,1.60267,4643,5000,578,13927,2054,868987
2013,47,1.72344,1.73267,4835,5579,583,15168,2012,875411
2013,48,2.11076,2.09858,4937,4313,639,13975,2042,665926
2013,49,2.1708,2.21374,5549,6579,865,18920,2055,854664
2013,50,2.36971,2.41674,5501,7046,802,19398,2054,802651
2013,51,3.15997,3.03071,6555,8406,939,24697,2009,814891
2013,52,4.59053,4.38724,7814,7485,1316,26988,2007,615148
2014,1,4.28195,4.2112,7488,6726,1750,28654,2033,680424
2014,2,3.56288,3.46492,6233,7881,1622,28147,2059,812343
2014,3,3.36378,3.31698,6007,9517,1606,28370,2049,855297
2014,4,3.39659,3.2407,5878,8858,1332,25502,2062,786928
2014,5,3.11922,2.88598,5133,8714,1203,23484,2051,813726
2014,6,2.83572,2.62172,4729,7711,1125,21085,2051,804244
2014,7,2.48484,2.34067,4210,6717,969,18195,2018,777340
2014,8,2.2741,2.12059,4250,6121,873,17234,2025,812700
2014,9,2.07244,1.91094,3953,5875,890,15914,1978,832786
2014,10,1.98207,1.9023,3775,5575,792,15044,1944,790831
2014,11,1.82441,1.76619,3616,5022,816,14024,1904,794024
2014,12,1.82036,1.85791,3798,5611,810,14926,1922,803374
2014,13,1.75391,1.82094,3523,5812,772,14661,1887,805133
2014,14,1.74542,1.83453,3582,5659,807,14637,1866,797863
2014,15,1.67236,1.75446,3574,5587,786,14206,1845,809707
2014,16,1.51659,1.51636,3130,4279,710,11723,1810,773101
2014,17,1.44778,1.40334,2846,3770,658,10814,1771,770592
2014,18,1.29028,1.2593,2501,3591,559,9648,1746,766139
2014,19,1.37388,1.32482,2789,3615,528,9775,1714,737834
2014,20,1.34208,1.27576,2544,3256,532,9033,1660,708049
2014,21,1.34563,1.29483,2733,3068,483,8797,1570,679395
2014,22,1.21291,1.2261,2528,2459,504,7658,1554,624582
2014,23,1.19291,1.14538,2383,2349,398,7229,1461,631143
2014,24,1.14146,1.0678,2227,2181,401,6783,1461,635233
2014,25,1.06503,1.07269,2159,2009,388,6369,1392,593740
2014,26,1.12669,1.01298,2049,1917,328,6038,1411,596063
2014,27,0.947353,0.994705,1865,1688,308,5352,1388,538049
2014,28,0.944187,0.880862,1758,1623,351,5295,1394,601116
2014,29,0.934822,0.858173,1582,1621,361,5083,1376,592305
2014,30,0.81736,0.805152,1455,1450,334,4765,1372,591814
2014,31,0.852792,0.818781,1450,1655,326,4942,1378,603580
2014,32,0.746994,0.783735,1460,1528,273,4744,1382,605307
2014,33,0.761098,0.848703,1528,1631,311,4980,1369,586778
2014,34,0.767627,0.834146,1569,1813,315,5305,1371,635980
2014,35,0.862176,0.905981,1684,2184,307,5799,1353,640080
2014,36,0.984907,1.04506,1753,2258,302,6050,1352,578913
2014,37,1.16287,1.16816,2300,3316,396,8130,1401,695966
2014,38,1.22731,1.27649,2535,3650,393,8888,1405,696282
2014,39,1.2071,1.29758,2522,3447,428,8874,1407,683887
2014,40,1.16191,1.20612,2958,3994,527,10150,1937,841540
2014,41,1.30905,1.32485,3055,4437,548,10977,1960,828544
2014,42,1.37072,1.41192,3442,4728,580,11941,2000,845727
2014,43,1.43373,1.42547,3455,4955,531,12292,2008,862314
2014,44,1.42791,1.43909,3632,5102,530,12313,2053,855608
2014,45,1.61605,1.61532,4277,5799,565,13853,2058,857601
2014,46,1.65976,1.66473,4424,5816,588,14062,1997,844700
2014,47,2.05459,2.0058,4740,7322,642,16674,2058,831289
2014,48,2.53541,2.62227,5432,6848,880,17602,2067,671251
2014,49,2.54253,2.60749,6185,9106,1224,22905,2097,878430
2014,50,3.60563,3.4178,7424,13050,1441,29172,2069,853532
2014,51,4.90976,4.46555,9270,16418,2103,37382,2016,837119
2014,52,5.98221,6.11497,10363,13951,3519,40533,1984,662849
2014,53,5.47421,5.30979,9732,9406,4117,36891,1983,694773
2015,1,4.21374,4.07898,7160,9589,3048,31483,1958,771835
2015,2,4.21022,3.93762,7044,11966,2339,31204,1971,792459
2015,3,4.25968,4.15076,7840,13949,2030,33221,1966,800359
2015,4,3.97761,3.87899,7118,13159,1915,30621,1955,789407
2015,5,3.63443,3.45794,6656,12093,1654,28151,1950,814097
2015,6,3.26527,3.06359,6429,10328,1505,25218,1917,823153
2015,7,2.93083,2.82646,5537,8164,1271,21109,1907,746836
2015,8,2.54474,2.3599,4823,7280,1249,19178,1934,812660
2015,9,2.47227,2.33472,4639,7116,1076,18441,1912,789858
2015,10,2.35665,2.21286,4710,6748,1067,17833,1907,805881
2015,11,2.17008,2.07619,4559,6084,997,16695,1883,804117
2015,12,2.04297,2.01267,4418,6003,931,16122,1848,801027
2015,13,1.954,1.94192,4174,5623,889,14975,1819,771143
2015,14,1.72287,1.74809,3903,4634,878,13733,1820,785602
2015,15,1.53694,1.50367,3448,4214,774,12044,1813,800974
2015,16,1.38283,1.43494,3182,4011,640,10860,1768,756827
2015,17,1.46265,1.45673,3203,4280,602,11095,1753,761638
2015,18,1.38934,1.42836,3106,4079,589,10694,1735,748690
2015,19,1.3468,1.35297,2805,3641,602,9671,1688,714799
2015,20,1.25452,1.33093,2754,3296,470,9024,1622,678023
2015,21,1.21636,1.28422,2593,2714,493,7913,1579,616171
2015,22,1.16734,1.13889,2211,2345,462,6946,1505,609891
2015,23,1.04654,1.10343,2109,2284,456,6744,1455,611184
2015,24,0.943661,0.970748,1734,2046,408,5850,1459,602628
2015,25,0.935046,0.998681,1897,1921,429,5913,1445,592081
2015,26,0.934726,0.978057,1678,1701,380,5232,1417,534938
2015,27,0.864118,0.866431,1546,1675,371,5116,1428,590468
2015,28,0.806535,0.827757,1487,1609,341,4870,1411,588337
2015,29,0.742747,0.797572,1383,1498,321,4626,1401,580010
2015,30,0.737859,0.811221,1415,1459,300,4605,1352,567663
2015,31,0.743224,0.821165,1392,1590,325,4753,1364,578812
2015,32,0.805251,0.819435,1330,1667,291,4750,1340,579668
2015,33,0.816943,0.848041,1429,1815,359,5173,1356,609994
2015,34,0.814518,0.888524,1687,2033,354,5648,1362,635661
2015,35,0.86067,0.962826,1636,2292,324,5963,1354,619323
2015,36,0.886704,1.02252,1714,2169,329,5970,1349,583853
2015,37,1.00845,1.08392,1993,2744,397,7062,1369,651524
2015,38,1.06625,1.17724,2178,2947,432,7704,1367,654414
2015,39,1.05995,1.1716,2170,2746,404,7626,1332,650904
2015,40,1.22559,1.24325,2849,3693,621,10049,1963,808287
2015,41,1.31066,1.3234,3016,4007,678,10715,1976,809660
2015,42,1.3711,1.40399,3263,4360,653,11584,1995,825079
2015,43,1.39171,1.37629,3141,4148,694,11164,1999,811165
2015,44,1.43712,1.46866,3563,4783,692,12423,2048,845875
2015,45,1.50165,1.533,3746,4725,745,12676,2028,826877
2015,46,1.59805,1.60841,3960,5076,766,13484,2023,838344
2015,47,1.89668,1.90047,3974,4073,703,12158,2000,639738
2015,48,1.67728,1.73645,4469,5076,829,14617,2040,841777
2015,49,1.78296,1.81945,4575,5384,873,14986,2020,823657
2015,50,1.87336,1.96571,5135,5105,943,15396,2000,783227
2015,51,2.32148,2.42021,5377,4317,1013,14839,1978,613128
2015,52,2.40991,2.41083,5700,4011,1180,15679,1949,650356
2016,1,1.94328,1.98859,4775,4494,1157,15654,2004,787192
2016,2,1.99796,1.98985,4574,5362,1021,15517,2005,779809
2016,3,2.11829,2.1071,4804,5380,954,15661,2008,743249
2016,4,2.25112,2.19256,5088,6882,1007,18143,2026,827482
2016,5,2.37116,2.30014,5135,7353,1072,18944,2007,823602
2016,6,2.80035,2.67574,5645,8434,1179,21774,2000,813755
2016,7,3.16475,3.02427,5997,9325,1370,24681,1993,816098
2016,8,3.15183,3.11328,6299,10127,1390,26423,1956,848718
2016,9,3.3321,3.32788,6619,11415,1440,28468,1952,855439
2016,10,3.56024,3.5918,6660,11856,1630,30481,1922,848628
2016,11,3.05479,3.09262,5574,9334,1471,24894,1898,804948
2016,12,2.76732,2.78803,5187,8489,1282,21940,1900,786936
2016,13,2.44161,2.52371,4581,7392,1201,19603,1832,776752
2016,14,2.03348,2.12928,3707,6403,1130,16769,1813,787543
2016,15,1.98593,2.05142,3572,6595,1031,16261,1805,792672
2016,16,1.91514,1.98957,3515,6357,945,15437,1774,775895
2016,17,1.69968,1.7858,3157,5557,901,13836,1759,774777
2016,18,1.57635,1.60144,2772,4729,746,11870,1742,741210
2016,19,1.3935,1.4743,2871,4046,665,10707,1690,726244
2016,20,1.29941,1.42286,2688,3630,643,9798,1626,688612
2016,21,1.18379,1.38196,2612,3126,618,8787,1439,635835
2016,22,1.13723,1.33712,2545,2620,532,7997,1482,598077
2016,23,1.04118,1.13894,2293,2313,518,7201,1446,632252
2016,24,0.971814,1.09641,2189,2171,466,6768,1440,617287
2016,25,0.863306,0.999559,2062,1905,386,6024,1402,602666
2016,26,0.833797,0.99095,1873,1810,384,5686,1382,573793
2016,27,0.784516,0.931253,1646,1641,383,5118,1379,549582
2016,28,0.734327,0.843118,1610,1599,383,5078,1392,602288
2016,29,0.698845,0.840286,1670,1621,375,5044,1388,600272
2016,30,0.723099,0.830065,1580,1624,323,4925,1393,593327
2016,31,0.663501,0.790428,1455,1496,315,4596,1360,581457
2016,32,0.69276,0.830826,1512,1639,319,4868,1329,585923
2016,33,0.710029,0.856796,1644,1914,306,5265,1345,614499
2016,34,0.834232,1.00746,1848,2364,349,6260,1356,621362
2016,35,0.992621,1.05868,1815,2651,341,6504,1354,614349
2016,36,1.01605,1.10028,1883,2604,381,6623,1347,601938
2016,37,1.07169,1.1457,2026,3073,452,7639,1365,666755
2016,38,1.10163,1.2189,2341,3298,438,8229,1363,675119
2016,39,1.18841,1.31113,2413,3334,483,8505,1389,648678
2016,40,1.2019,1.27386,3110,4169,643,10864,1946,852842
2016,41,1.23108,1.29342,3207,4078,678,10997,1973,850228
2016,42,1.26796,1.33097,3564,4452,695,11926,1983,896035
2016,43,1.36298,1.42662,3786,4769,700,12648,2006,886570
2016,44,1.48535,1.57071,4314,5287,715,13790,1999,877947
2016,45,1.55954,1.65146,4703,5193,758,14258,1990,863356
2016,46,1.64783,1.73309,4979,5610,829,15160,2000,874739
2016,47,1.91275,2.03388,5032,4567,867,14208,2011,698566
2016,48,1.81725,1.88331,5209,5655,1056,16605,2001,881694
2016,49,1.91433,2.00292,5501,5812,1047,16961,2013,846813
2016,50,2.21003,2.27731,5744,6724,1019,18463,2000,810736
2016,51,2.73568,2.91465,6653,7469,1421,21565,1977,739882
2016,52,3.36832,3.54919,7712,7144,2145,24900,1928,701569
2017,1,3.09689,3.08102,6716,6786,2230,24178,2024,784740
2017,2,3.07346,3.01875,6020,8843,2082,24897,1997,824746
2017,3,3.51643,3.40446,6399,12147,1930,28781,2029,845391
2017,4,3.8027,3.52869,6958,14073,1823,31265,2021,886023
2017,5,4.50313,4.10665,7452,17482,2093,36517,2024,889216
2017,6,5.06308,4.7551,8110,20150,2646,42890,2027,901978
2017,7,4.86009,4.65163,7726,18692,2637,41035,1967,882163
2017,8,4.57916,4.57049,7649,17300,2808,40124,1987,877892
2017,9,3.55674,3.45522,6129,12394,2181,30183,1995,873547
2017,10,3.50417,3.29505,5854,11552,1918,28060,1971,851580
2017,11,3.21511,3.16426,5503,10084,1780,25484,1958,805370
2017,12,3.10088,3.14433,5514,11503,1838,27354,1940,869946
2017,13,2.79056,2.87936,5145,10149,1624,24342,1899,845397
2017,14,2.38547,2.36977,4488,8178,1333,19677,1906,830332
2017,15,1.9703,1.93853,3909,5847,1171,15548,1861,802052
2017,16,1.73442,1.64064,3306,4683,993,13006,1845,792740
2017,17,1.56303,1.4752,2997,4497,928,11924,1846,808298
2017,18,1.4128,1.37755,2890,4105,717,10762,1795,781240
2017,19,1.27492,1.33771,2751,3831,721,10202,1767,762648
2017,20,1.2834,1.34686,2685,3518,709,9809,1746,728288
2017,21,1.16663,1.26579,2341,3060,647,8564,1614,676574
2017,22,1.10977,1.25701,2311,2575,583,7756,1569,617021
2017,23,1.04333,1.16048,2412,2377,591,7510,1493,647145
2017,24,0.905151,1.04834,2049,2099,547,6636,1470,633003
2017,25,0.902718,0.992711,1930,1971,498,6240,1469,628582
2017,26,0.859531,0.961603,1771,1748,467,5596,1422,581945
2017,27,0.818998,0.955818,1728,1564,418,5326,1456,557219
2017,28,0.752505,0.827597,1545,1578,372,4961,1405,599446
2017,29,0.731146,0.811886,1549,1421,419,4747,1384,584688
2017,30,0.733295,0.818527,1576,1515,376,4879,1377,596071
2017,31,0.73102,0.829758,1529,1485,433,4899,1390,590413
2017,32,0.68834,0.828503,1559,1481,390,4915,1386,593239
2017,33,0.732049,0.885896,1603,1691,412,5230,1350,590363
2017,34,0.911188,1.05351,1964,2549,411,6653,1379,631507
2017,35,1.02105,1.11768,2076,2726,503,7133,1370,638196
2017,36,1.09495,1.14028,2073,2488,555,7072,1384,620201
2017,37,1.09475,1.13326,2372,2942,628,8304,1485,732755
2017,38,1.09775,1.17589,2544,3075,655,8563,1484,728214
2017,39,1.18882,1.23848,2840,3201,640,9079,1468,733077
2017,40,1.26589,1.2802,3849,4556,875,12839,2220,1002892
2017,41,1.30479,1.33123,4118,4453,947,13267,2245,996595
2017,42,1.34075,1.40786,4408,4993,974,14319,2266,1017076
2017,43,1.51674,1.5722,5006,5531,1049,15832,2266,1006998
2017,44,1.74583,1.70326,5219,6134,1062,17069,2222,1002140
2017,45,1.88708,1.86636,6126,6671,1129,19057,2288,1021079
2017,46,2.05923,2.07647,6880,7577,1387,21892,2296,1054290
2017,47,2.27971,2.33593,6945,5875,1445,19816,2271,848314
2017,48,2.28379,2.24637,7008,7474,1829,23752,2279,1057350
2017,49,2.58278,2.49504,7229,8488,1857,24955,2272,1000183
2017,50,3.36558,3.2005,8285,11259,2332,31502,2262,984283
2017,51,4.73117,4.43807,10447,14166,3733,42782,2211,963978
2017,52,5.70943,5.46361,11335,11540,5119,45255,2132,828299
2018,1,5.74658,5.35765,9410,11717,5888,47269,2243,882271
2018,2,5.89207,5.52437,10053,17357,6199,56761,2257,1027466
2018,3,6.51759,6.34528,11997,21897,5561,63036,2286,993431
2018,4,7.16338,7.01811,13408,30625,6065,77326,2288,1101807
2018,5,7.52133,7.7809,14844,37200,5940,85985,2275,1105078
2018,6,7.38748,7.76939,15192,38606,5874,87825,2299,1130397
2018,7,6.44688,6.81176,13365,32124,5439,76210,2227,1118800
2018,8,4.95881,5.15749,10154,20450,4179,53025,2272,1028116
2018,9,3.68612,3.55945,7208,13392,2875,36064,2208,1013191
2018,10,3.18626,3.00518,6368,10850,2292,29133,2214,969427
2018,11,2.76894,2.73038,5588,9468,2132,25938,2201,949978
2018,12,2.48706,2.47768,5223,8640,1971,23805,2180,960779
2018,13,2.40802,2.36314,4721,7214,1743,20693,2144,875658
2018,14,2.07483,2.03139,4553,6218,1691,19074,2127,938963
2018,15,1.77898,1.80376,4145,5505,1447,16664,2086,923848
2018,16,1.61487,1.58696,3856,5269,1103,14869,2112,936950
2018,17,1.5385,1.53801,3723,5336,1096,14552,2088,946160
2018,18,1.52612,1.44974,3658,4815,997,13291,2018,916783
2018,19,1.28847,1.27729,3444,4133,902,11619,1933,909661
2018,20,1.18344,1.22051,3359,3764,799,11066,1977,906668
2018,21,1.24919,1.23235,3385,3429,866,10646,1896,863879
2018,22,1.14131,1.223,3220,2987,733,9608,1802,785606
2018,23,0.9878,1.0473,2847,2552,654,8693,1798,830040
2018,24,0.895565,0.978113,2375,2245,658,7573,1753,774246
2018,25,0.892204,0.947548,2312,2162,616,7373,1773,778114
2018,26,0.877184,0.867554,2206,1916,626,6947,1736,800757
2018,27,0.780203,0.82328,2009,1862,549,6258,1780,760130
2018,28,0.725075,0.771497,1943,1901,587,6501,1785,842647
2018,29,0.68247,0.706819,1741,1720,469,5786,1748,818597
2018,30,0.640393,0.685155,1665,1643,463,5497,1741,802300
2018,31,0.639127,0.687351,1618,1769,454,5612,1724,816468
2018,32,0.705637,0.735733,1726,1784,476,5861,1690,796621
2018,33,0.707801,0.806048,1986,2170,478,6537,1725,810994
2018,34,0.822659,0.944013,2239,2468,515,7323,1610,775731
2018,35,0.859864,0.960101,2445,2830,542,8111,1681,844807
2018,36,1.10083,1.14128,2814,3343,621,9530,1710,835027
2018,37,1.15323,1.14784,2773,3660,691,10065,1708,876862
2018,38,1.20178,1.31156,3242,3949,729,11189,1684,853109
2018,39,1.2498,1.26102,3481,4198,669,11767,1710,933130
2018,40,1.41876,1.41974,4887,6341,1298,17975,2611,1266076
2018,41,1.40077,1.473,5332,6279,1326,18652,2651,1266257
2018,42,1.47139,1.58968,5589,6802,1400,19948,2623,1254844
2018,43,1.63634,1.72208,6249,7487,1444,21634,2678,1256271
2018,44,1.79125,1.84114,6869,8291,1451,23169,2666,1258405
2018,45,1.86871,1.92692,7509,8451,1451,24085,2672,1249921
2018,46,1.98121,2.0852,7821,8076,1487,24419,2665,1171062
2018,47,2.23487,2.40063,8607,7197,1702,24635,2618,1026187
2018,48,2.14572,2.24479,8890,8788,2078,29096,2666,1296156
2018,49,2.25131,2.29962,8809,9276,1862,28377,2658,1233986
2018,50,2.6411,2.73181,10156,11376,1981,33113,2650,1212127
2018,51,3.13484,3.24012,11515,12816,2480,38260,2596,1180820
2018,52,3.96566,4.18077,13615,12044,3534,44012,2581,1052725
2019,1,3.45972,3.63095,11686,9572,4260,42135,2630,1160440
2019,2,3.07558,3.13643,9369,10758,3446,38815,2656,1237552
2019,3,3.32558,3.36213,9703,14265,2951,41199,2658,1225384
2019,4,3.79773,3.88115,10765,16965,2860,46241,2677,1191426
2019,5,4.34227,4.52235,11628,22217,3255,55264,2668,1222020
2019,6,4.86953,5.20091,13899,29772,4102,69732,2673,1340765
2019,7,5.03689,5.42034,14246,29255,4277,70056,2655,1292464
2019,8,4.8812,5.27078,13634,26502,4485,66461,2655,1260932
2019,9,4.54791,4.58991,11647,23468,4134,58802,2658,1281115
2019,10,4.3762,4.39714,11168,21760,4056,55431,2637,1260615
2019,11,4.22692,4.12777,10986,20081,4177,53177,2646,1288273
2019,12,3.68251,3.50278,9721,16800,3898,45668,2653,1303765
2019,13,3.08559,3.04819,8644,13642,3195,37948,2619,1244935
2019,14,2.69831,2.67984,7606,11768,2802,32941,2620,1229217
2019,15,2.28676,2.26612,6754,10005,2319,27854,2568,1229148
2019,16,2.01217,1.96484,6325,7904,1876,23147,2542,1178058
2019,17,1.71323,1.72201,5698,6621,1738,20610,2516,1196855
2019,18,1.56678,1.5728,5369,6207,1537,18864,2485,1199386
2019,19,1.49827,1.45718,4789,5906,1358,17107,2444,1173980
2019,20,1.49961,1.50332,4649,5530,1361,16459,2336,1094840
2019,21,1.42033,1.40199,4601,5232,1367,15756,2222,1123834
2019,22,1.39215,1.40341,4442,4659,1301,14774,2195,1052725
2019,23,1.21655,1.23732,3937,4114,1205,13449,2257,1086942
2019,24,1.11224,1.12146,3506,3739,1079,12104,2204,1079303
2019,25,0.990825,1.01232,3056,3284,928,10690,2157,1055994
2019,26,0.944753,0.959148,2955,3109,862,10019,2081,1044573
2019,27,0.872915,0.878132,2512,2718,776,8714,2153,992334
2019,28,0.807891,0.793654,2346,2656,736,8419,2110,1060790
2019,29,0.752293,0.765466,2222,2563,703,8106,2153,1058963
2019,30,0.731643,0.748057,2138,2460,615,7781,2139,1040161
2019,31,0.725363,0.756941,2354,2436,604,7882,2150,1041296
2019,32,0.753996,0.770017,2102,2391,758,8059,2166,1046600
2019,33,0.72883,0.833167,2634,2828,694,8990,2199,1079015
2019,34,0.83813,0.939669,2911,3495,716,10094,2168,1074208
2019,35,0.988182,1.08153,3428,4238,777,11898,2191,1100105
2019,36,1.13545,1.20226,3810,4548,870,13188,2215,1096931
2019,37,1.2314,1.27313,3912,5502,959,14842,2243,1165792
2019,38,1.24054,1.38637,4469,5656,1026,15979,2222,1152579
2019,39,1.32855,1.49126,4981,6074,1100,17402,2207,1166930
2019,40,1.49378,1.50419,6240,7679,1445,21960,2909,1459918
2019,41,1.5932,1.59741,6573,7637,1601,22977,2940,1438392
2019,42,1.72759,1.73901,7304,8295,1647,24912,2964,1432543
2019,43,1.83632,1.85987,7894,9364,1793,27436,2994,1475156
2019,44,2.03986,2.01127,8678,10059,1758,28913,3004,1437549
2019,45,2.39276,2.35748,10561,12501,1839,34525,3019,1464487
2019,46,2.62883,2.62678,11424,13533,1965,37518,2987,1428286
2019,47,2.89155,2.94865,12659,16865,2135,43824,2982,1486241
2019,48,3.40579,3.42234,14363,14668,2358,43709,2992,1277168
2019,49,3.25461,3.29237,13795,16274,2774,48641,2991,1477387
2019,50,3.93917,3.85462,14668,21787,2898,56263,2951,1459625
2019,51,5.06205,5.01545,17989,29106,3348,71509,2922,1425775
2019,52,7.06737,7.13551,24050,33937,5399,95630,2912,1340199
2020,1,5.92612,6.21784,21576,23392,6862,88686,2956,1426316
2020,2,4.93004,5.06544,15505,22657,5440,75331,2984,1487156
2020,3,5.3016,5.35307,16477,29510,4716,79395,2976,1483167
2020,4,5.91328,6.0102,18462,35067,4623,89569,2974,1490284
2020,5,6.61376,6.87245,20143,43814,5407,107463,2967,1563679
2020,6,6.67515,7.07922,20082,45239,5619,110554,2976,1561670
2020,7,6.00193,6.21297,17184,36603,5369,94504,2935,1521075
2020,8,5.40017,5.61204,15148,28224,5105,79697,2946,1420107
2020,9,5.02473,5.10391,13568,25093,5005,73697,2896,1443932
2020,10,5.13078,5.2901,13581,25957,5586,77452,2853,1464094
2020,11,5.63116,6.34594,13834,27321,6603,88341,2769,1392087
2020,12,6.35703,7.45087,10612,17276,6925,77817,2697,1044402
2020,13,5.17831,6.39135,5064,8245,6393,52802,2561,826148
2020,14,3.86432,5.0228,2307,4737,5236,35539,2362,707553